CustomerCode,CustomerType,CustomerName,CustomerPreferredCurrency
-9,Airline,Cyprus Turkish Airlines,
-8,Airline,Star Air,
-7,Airline,Fai -Rent a JET AG-,
-6,Airline,Avanti Air GmbH & Co. KG,
-5,Airline,NonIATA pre setup,
-4,Airline,Bergen Air Transport,
-3,Airline,Gain jet Aviation,
-2,Airline,Atlantic airlines UK,GBP
-1,Airline,NonIATA pre setup,
0,Airline,Adhoc carrier,
11,Ground Handler,Swissport,
18,Ground Handler,Swissport,
*A,Airline,STAR ALLIANCE,
*O,Airline,ONEWORLD,
*Q,Airline,THE QUALIFLYER GROUP,
*S,Airline,SKYTEAM,
_ES,Non Profit,MILLENNIUM FOUNDATION,
_FI,Non Profit,MILLENNIUM FOUNDATION,
_NO,Non Profit,MILLENNIUM FOUNDATION,
0-,Airline,Adhoc carrier,
0A,Undefined,UNDEFINED,
0B,Airline,BLUE AIR AIRLINE,
0C,Undefined,UNDEFINED,
0D,Undefined,UNDEFINED,
0E,Test,AMADEUS PDF 0E,
0F,Undefined,UNDEFINED,
0G,Undefined,UNDEFINED,
0H,Undefined,UNDEFINED,
0I,Undefined,UNDEFINED,
0J,Airline,PREMIUM JET AG,
0K,Undefined,UNDEFINED,
0L,Undefined,UNDEFINED,
0M,Undefined,UNDEFINED,
0N,Undefined,UNDEFINED,
0O,Airline,STA TRAVEL,
0P,Airline,PALAU ASIA PACIFIC AIR,
0Q,Undefined,UNDEFINED,
0R,Undefined,UNDEFINED,
0S,Undefined,UNDEFINED,
0T,Undefined,UNDEFINED,
0U,Undefined,UNDEFINED,
0V,Airline,VIETNAM AIR SERVICE,VND
0W,Airline,W CARIBBEAN COSTA RICA,CRC
0X,Undefined,UNDEFINED,
0Z,Test,AMADEUS PDF 0Z,
1-,Airline,Pan Europ enne Air Service,
1A,GDS,AMADEUS,
1B,GDS,ABACUS,
1C,GDS,EDS INFORMATION BUSINESS,
1D,GDS,RADDIX SOLUTIONS INTL,
1E,GDS,TRAVELSKY TECHNOLOGY LTD,
1F,GDS,INFINI TRAVEL INFORMATION,
1G,GDS,TRAVELPORT GLOBAL DISTRIBUTION,
1H,Airline,SIRENA-TRAVEL,
1I,Airline,NETJETS AVIATION,
1J,Airline,AXESS INTERNATIONAL,
1K,Airline,SUTRA INC.,
1L,GDS,NAVITAIRE OPEN SKIES,
1M,Airline,SIRENA JSC,
1N,GDS,NAVITAIRE NEW SKIES,
1O,Airline,PHOENIX SYSTEMS DERTOURS,
1P,GDS,WORLDSPAN,
1Q,Airline,JOINT-STOCK COMPANY.ITAL,
1R,GDS,BIRD INFORMATION SYSTEMS,
1S,GDS,SABRE,
1T,Airline,EAST-LINE JSC,
1U,GDS,ITA SOFTWARE,
1V,GDS,GALILEO INTERNATIONAL,
1W,GDS,SABRE,
1X,Airline,BRANSON AIR,
1Y,Airline,ELECTRONIC DATA SYSTEMS,
1Z,Airline,FANTASIA INFO NETWORK LT,
2-,Airline,NonIATA pre setup,
2A,Airline,DEUTSCHE BAHN AG,
2B,Airline,AK BARS AERO,
2C,Rail,SNCF,
2D,Airline,DYNAMIC AIRWAYS,
2E,Airline,SMOKEY BAY AIR,
2F,Airline,AFRINAT INTERNATIONAL AIRLINES,
2G,Airline,ANGARA AIRLINES,
2H,Rail,THALYS INTERNATIONAL,
2I,Airline,STAR PERU,
2J,Airline,AIR BURKINA,XOF
2K,Airline,AEROLINEAS GALAPAGOS,
2L,Airline,HELVETIC AIRWAYS,
2M,Airline,MOLDAVIAN AIRLINES,
2N,Airline,NEXTJET,
2O,Airline,REDEMPTION,
2P,Airline,AIRPHIL EXPRESS,
2Q,Airline,NUOVO TRASPORTO VIAGGIATORI,
2R,Rail,VIA RAIL CANADA INC,CAD
2S,Airline,KINDA AIRLINES,
2T,Airline,ALAJNIHAH AIR TRANSPORT,
2U,Airline,ERO SUN D'OR,
2V,Rail,AMTRAK,
2W,Airline,WELCOME AIR,
2X,Test,AMADEUS TWO,
2Y,Test,AMADEUS PDF 2Y,
2Z,Airline,PASSAREDO TRANSPORTES,
3-,Airline,Mistral Air,
3A,Airline,CHU KONG PASSENGER TRANSPORT,
3B,Airline,JOB AIR,
3C,Undefined,UNDEFINED,
3D,Airline,DOKASCH,
3E,Airline,MULTI AERO,
3F,Airline,PACIFIC AIRWAYS,
3G,Airline,GAMBIA BIRD AIRLINES LTD,
3H,Airline,AIR INUIT,
3I,Airline,PISON AIRWAYS LTD,
3J,Airline,JUBBA AIRWAYS (KENYA),
3K,Airline,JETSTAR ASIA,
3L,Airline,INTERSKY LUFTFAHRT,
3M,Airline,SILVER AIRWAYS CORP,
3N,Airline,AIR URGA,
3O,Airline,AIR ARABIA MAROC,MAD
3P,Airline,TIARA AIR ARUBA,
3Q,Undefined,UNDEFINED,
3R,Airline,MOSKOVIA AIRLINES,
3S,Airline,AIR ANTILLES EXPRESS,
3T,Airline,TARCO AIR,
3U,Airline,SICHUAN AIRLINES,
3V,Airline,TNT AIRWAYS,
3W,Airline,MALAWIAN AIRLINES,
3X,Undefined,UNDEFINED,
3Y,Airline,KARTIKA AIRLINES,
3Z,Airline,TRAVEL SERVICE POLSKA,
4-,Airline,WDL Aviation,
4A,Airline,AERO TRANSPORTE,
4B,Airline,BOUTIQUE AIR,
4C,Airline,LAN COLOMBIA AIRLINES,
4D,Airline,AIR SINAI,
4E,Airline,TANANA AIR SERVICE,
4F,Airline,AIR CITY,
4G,Airline,GAZPROMAVIA,
4H,Airline,UNITED AIRWAYS BANGLADESH,
4I,Airline,IHY IZMIR HAVAYOLLARI,
4J,Undefined,UNDEFINED,
4K,Airline,KENN BOREK AIR,
4L,Airline,PALAU NATIONAL AIRLINES,
4M,Airline,LANARGENTINA,
4N,Airline,AIR NORTH,
4O,Airline,INTERJET,
4P,Airline,TRAVEL AIR,
4Q,Airline,SAFI AIRWAYS,
4R,Undefined,UNDEFINED,
4S,Airline,STAR AIRWAYS,
4T,Airline,BELAIR AIRLINES,
4U,Airline,GERMANWINGS,
4V,Airline,LIGNES AERIENNES CONGO,
4W,Airline,WARBELOWS AIR VENTURES,
4X,Airline,ATLANTIC EXPRESS AIRLINE,
4Y,Airline,YUTE AIR ALASKA,
4Z,Airline,SOUTH AFRICAN AIRLINK,
5-,Airline,NON IATA GHED AIRLINE,
5A,Undefined,UNDEFINED,
5B,Airline,BASSAKA AIR,
5C,Airline,NATURE AIR,
5D,Airline,AEROLITORAL,
5E,Airline,SIAM GA,
5F,Airline,PAN AFRICAN AIRWAYS,
5G,Airline,540 GHANA,
5H,Airline,FIVE FOURTY AVIATION,
5I,Airline,ALSA GRUPO SLU,
5J,Airline,CEBU AIR,
5K,Airline,HI FLY TRANSPORTES AEREO,
5L,Undefined,UNDEFINED,
5M,Airline,MONTSERRAT AIRWAYS,
5N,Airline,JSC NORDAVIA,
5O,Airline,EUROPE AIRPOST,
5P,Airline,AEROLINEA PRINCIPAL CHILE,
5Q,Airline,BQB LINEAS AEREAS,
5R,Airline,KARTHAGO AIRLINES,
5S,Airline,SERVICIOS AEREOS PROFESIONALES,
5T,Airline,CANADIAN NORTH,
5U,Airline,TRANSPORTES AEREOS GUATEMALTECOS,
5V,Airline,EVERTS,
5W,Airline,SPEED ALLIANCE WESTBAHN,
5X,Undefined,UNDEFINED,
5Y,Airline,ATLAS AIR,
5Z,Airline,CEMAIR,
6-,Airline,Alba Star,
6A,Airline,ARMENIA AIRWAYS,
6B,Airline,TUIFLY NORDIC,
6C,Airline,AIR TIMOR,
6D,Airline,TRAVEL SERVICE,
6E,Airline,INDIGO,
6F,Airline,MAT AIRWAYS,
6G,Airline,SUN AIR EXPRESS LLC,
6H,Airline,ISRAIR AIRLINES,
6I,Airline,AIR ALSIE,
6J,Airline,SKYNET ASIA AIRWAYS,
6K,Airline,KYRGYZ TRANS AVIA,
6L,Airline,AKLAK AIR,
6M,Undefined,UNDEFINED,
6N,Airline,NIGER AIRLINES,
6O,Airline,ORBEST (GHD),
6P,Airline,GRYPHON AIRLINE,
6Q,Airline,CHAM WINGS AIRLINES,
6R,Airline,MIRNY AIR,
6S,Undefined,UNDEFINED,
6T,Airline,AIR MANDALAY,
6U,Airline,ACG AIR CARGO GERMANY,
6V,Airline,AVANZA,
6W,Airline,SARATOV AIRLINES,
6X,Test,AMADEUS SIX,CAD
6Y,Airline,SMARTLYNX AIRLINES,
6Z,Airline,EURASIA AIR,
7-,Airline,Minoan Air,
7A,Airline,AIR NEXT,
7B,Airline,MASWINGS,
7C,Airline,JEJU AIR,
7D,Undefined,UNDEFINED,
7E,Airline,SYLT AIR GMBH,
7F,Airline,FIRST AIR,
7G,Airline,STAR FLYER,
7H,Airline,RAVIN AKASKA,
7I,Airline,INSEL AIR INTERNATIONAL,
7J,Airline,TAJIK AIR,
7K,Airline,KOGALYMAVIA AIRLINES,
7L,Airline,AEROCARIBBEAN,
7M,Airline,MAYAIR,
7N,Airline,PAN AMERICAN WORLD,
7O,Airline,TRAVEL SERVICE LEGOFORGALMI,
7P,Airline,AIR PANAMA,
7Q,Airline,ELITE AIRWAYS,
7R,Airline,RUSLINE,
7S,Test,AMADEUS PDF 7S,
7T,Airline,TRENITALIA,
7U,Airline,ALPHA AIR TRANSPORT,
7V,Airline,FEDERAL AIRLINES,
7W,Airline,WIND ROSE AVIATION,
7X,Test,AMADEUS SEVEN,AUD
7Y,Airline,MANN YADANARPON AIRLINES,
7Z,Airline,HALCYON AIR CABO VERDE,
8-,Airline,Swiftair,
8A,Airline,PANAMA AIRWAYS,
8B,Airline,BUSINESS AIR,
8C,Airline,AIR TRANSPORT INTERNATIONAL,
8D,Airline,SERVANT AIR,
8E,Airline,BERING AIR,
8F,Airline,STP AIRWAYS,
8G,Undefined,UNDEFINED,
8H,Airline,BH AIR,
8I,Airline,INSEL AIR ARUBA,
8J,Airline,LINEA AEREA ECO JET,
8K,Undefined,UNDEFINED,
8L,Airline,LUCKY AIR,
8M,Airline,MYANMAR AIRWAYS INTL,
8N,Airline,REGIONAL AIR SERVICES,
8O,Undefined,UNDEFINED,
8P,Airline,PACIFIC COASTAL AIRLINES,
8Q,Airline,ONUR AIR,
8R,Airline,SOL LINEAS AEREAS,
8S,Airline,SHUN TAK CHINA,
8T,Airline,AIR TINDI LTD,
8U,Airline,AFRIQIYAH AIRWAYS,
8V,Airline,WRIGHT AIR SERVICES,
8W,Airline,PRIVATE WINGS,
8X,Test,AMADEUS EIGHT,JPY
8Y,Airline,AIR BURUNDI,
8Z,Test,AMADEUS PDF 8Z,
9-,Airline,Privilege Style,
9A,Undefined,UNDEFINED,
9B,Rail,ACCESRAIL,
9C,Airline,SPRING AIRLINES,
9D,Airline,TOUMAI AIR TCHAD,
9E,Airline,ENDEAVOR AIR,
9F,Airline,EUROSTAR,
9G,Rail,9G RAIL LTD,
9H,Airline,DUTCH ANTILLES EXPRESS,
9I,Airline,ALLIANCE AIR,
9J,Airline,DANA AIRLINES LIMITED,
9K,Airline,CAPE AIR,
9L,Airline,WEST LINK AIRWAYS,
9M,Airline,CENTRAL MOUNTAIN AIR,
9N,Airline,TROPIC AIR LIMITED,
9O,Undefined,UNDEFINED,
9P,Airline,PETRA AIRLINES,
9Q,Airline,CAICOS EXPRESS AIRWAYS,
9R,Airline,SATENA,
9S,Test,AMADEUS PDF 9S,
9T,Airline,ACT HAVAYOLLARI,
9U,Airline,AIR MOLDOVA,
9V,Airline,AVIOR,
9W,Airline,JET AIRWAYS,
9X,Airline,SOUTHERN AIRWAYS,
9Y,Undefined,UNDEFINED,
9Z,Test,AMADEUS PDF 9Z,
A-,Airline,AIR CONTRACTORS (IRELAND) LTD,
-A,Airline,Sprint Air,
A0,Airline,L'AVION,
A1,Airline,G2 SWITCH WORKS,
A2,Airline,ASTRA AIRLINES,
A3,Airline,AEGEAN AIRLINES,
A4,Airline,AEROCOMERCIAL ORIENTE NORTE,
A5,Airline,HOP,
A6,Undefined,UNDEFINED,
A7,Airline,AIR NIAMEY,
A8,Airline,BENIN GOLF AIR,
A9,Airline,GEORGIAN AIRWAYS,
AA,Airline,AMERICAN AIRLINES,
AB,Airline,AIR BERLIN,
AC,Airline,AIR CANADA,CAD
AD,Airline,AZUL LINHAS AEREAS BRASILEIRAS,
AE,Airline,MANDARIN AIRLINES,
AEP,Travel Agency,Aero la Plata,
AF,Airline,AIR FRANCE,
AG,Airline,ARUBA AIRLINES,
AH,Airline,AIR ALGERIE,DZD
AHN,Travel Agency,Amadeus Hospitality,
AI,Airline,AIR INDIA LIMITED,INR
AJ,Airline,AZTEC WORLDWIDE AIRLINES,
AK,Airline,AIRASIA SDN BHD,
AL,Undefined,UNDEFINED,
ALM,Travel Agency,Almundo,
AM,Airline,AEROMEXICO,MXN
AN,Airline,HOP AIRLINAIR,
AO,Airline,AVIANOVA LCC,
AP,Airline,AIRONE S.P.A.,
APP,Travel Agency,APX Travel Management,
APS_OFF_NCE1A095X,Travel Agency,TEST AMADEUS NICE B2B TA 1,AUD
APS_VCN_META_TEMP,Test,TEST AMADEUS NICE B2B TA 2,CAD
APW,Travel Agency,Amadeus Open API,
AQ,Airline,9 AIR,
AR,Airline,AEROLINEAS ARGENTINAS,
AS,Airline,ALASKA AIRLINES,
AT,Airline,ROYAL AIR MAROC,
ATK,Travel Agency,Aer Ticket,
AU,Airline,AUSTRAL LINEAS AEREAS,
AV,Airline,AVIANCA,
AVASA_VIAJES,Travel Agency,AVASA VIAJES SL,
AVIA_MARINE,Travel Agency,Avia Marine Services B.V.,
AVIATUR,Travel Agency,AVIATUR LATIN AMERICA,
AVL,Travel Agency,Action Travel,
AW,Airline,AFRICA WORLD AIRLINES,
AX,Airline,TRANS STATES AIRLINES,
AY,Airline,FINNAIR,
AYX,Travel Agency,G7,
AZ,Airline,ALITALIA S.A.I. S.P.A.,
B-,Airline,BAE Systems,
-B,Airline,Borajet,
B0,Airline,LA COMPAGNIE,
B1,Airline,BRAVO PASSENGER SOLUTION,
B2,Airline,BELAVIA,
B2W,Travel Agency,B2W,
B3,Airline,TASHI AIR,
B4,Airline,ZANAIR,
B5,Airline,EAST AFRICAN SAFARI AIR,
B6,Airline,JETBLUE AIRWAYS,
B7,Airline,UNI AIRWAYS,
B8,Airline,ERITREAN AIRLINES,
B9,Airline,CAMBODIA BAYON AIRLINES,
BA,Airline,BRITISH AIRWAYS,
BALTIC_TOURS,Travel Agency,BALTIC TOURS,
BAZAR_MADINA_TRAVEL,Travel Agency,Bazar Madina Travel,
BB,Airline,SEABORNE AIRLINES,
BC,Airline,SKYMARK AIRLINES,
BCD_ALR,Travel Agency,BCD Travel,
BCD_US,Travel Agency,BCD_US,
BCI,Travel Agency,BCD India,INR
BD,Airline,BRITISH MIDLAND INTERNATIONAL,
BE,Airline,FLYBE,
BEIJING_VIAGGI,Travel Agency,BEIJING VIAGGI DI CHANG FILIPPO,CNY
BER,Travel Agency,Beroni,
BERLOGIC,Travel Agency,Berlogic,
BESTOURS,Travel Agency,"BESTOURS, S.A.",
BEYONDBUSINESS,Travel Agency,Beyond Business Travel,
BF,Airline,French Bee,
BG,Airline,BIMAN BANGLADESH AIRLINE,
BH,Airline,HAWKAIR,
BI,Airline,ROYAL BRUNEI,
BIDTRAVEL,Travel Agency,Bid Travel - Viajes Malabi,
BISMILLAH_TRAVEL,Travel Agency,BISMILLAH TRAVEL,
BJ,Airline,NOUVELAIR,TND
BK,Airline,OKAY AIRWAYS,
BL,Airline,JETSTAR PACIFIC AIRLINES,
BLACKPOOL_TRAVEL,Travel Agency,Blackpool Travel,
BLEU_VOYAGES,Travel Agency,BLEU VOYAGES / NEIGE ET SOLEIL VOYAGES,
BLUE_SKY_TRAVEL,Travel Agency,Blue Sky Group,
BLUE_TRAVEL,Travel Agency,Blue Travel,
BM,Airline,BMI REGIONAL,
BN,Undefined,UNDEFINED,
BO,Airline,BB AIRWAYS,
BOOKING_COM,Travel Agency,Booking.com,
BOSCOLO_TOURS,Travel Agency,BOSCOLO TOURS SPA,
BP,Airline,AIR BOTSWANA,
BQ,Airline,BUKOVYNA AIRLINES,
BR,Airline,EVA AIR,
BS,Airline,US-BANGLA AIRLINES LTD.,
BT,Airline,AIR BALTIC,
BTV,Travel Agency,Bid Travel,
BU,Airline,COMPAGNIE AFRICAINE D'AVIATION,
BV,Airline,BLUE PANORAMA AIRLINES,
BW,Airline,CARIBBEAN AIRLINES,
BX,Airline,AIR BUSAN,
BY,Airline,THOMSON AIRWAYS LTD,
BZ,Airline,BLUE BIRD AIRWAYS,
C-,Airline,Calima aviacion,
-C,Airline,BinAir,
C0,Undefined,UNDEFINED,
C1,Airline,TECTIMES SUDAMERICA,
C2,Airline,CEIBA INTERCONTINENTAL,
C3,Airline,TRADE AIR,
C4,Undefined,UNDEFINED,
C5,Airline,CHAMPLAIN ENTERPRISES,
C6,Airline,CANJET AIRLINES,
C7,Airline,CINNAMON AIR,
C8,Airline,CRONOS AIRLINES,
C9,Airline,CIRRUS AIRLINES,
CA,Airline,AIR CHINA,
CARLTON_LEISURE,Travel Agency,CARLTON LEISURE,
CARNIVALUK,Travel Agency,CARNIVAL UK,GBP
CASA_AGENTE,Travel Agency,CASA DO AGENTE,
CASABLANCA,Travel Agency,CASABLANCA TURISMO E VIAGENS LTDA,MAD
CB,Undefined,UNDEFINED,
CC,Airline,CM AIRLINES,
CD,Airline,CORENDON DUTCH AIRLINES,
CE,Airline,CHALAIR AVIATION,
CENTRAL_TRAVEL,Travel Agency,Central travel network,
CENTRAV,Travel Agency,CENTRAV INC,
CF,Airline,CITY AIRLINE,
CG,Airline,AIRLINES PNG,
CH,Airline,BEMIDJI AIRLINES,
CHEAP_FLIGHTS_FARES,Travel Agency,CHEAP FLIGHTS FARES LLC,
CHINATRAVEL_IN_CO,Travel Agency,"China Travel Service JAPAN (In Co., Ltd)",CNY
CHS,Travel Agency,Chasma Tours,
CI,Airline,CHINA AIRLINES,CNY
CICCOLOMBIA,Travel Agency,CIC COLOMBIA TRAVEL S.A.S.,
CISALPINA_TOURS,Travel Agency,CISALPINA TOURS SPA,
CITYSTATE,Travel Agency,CITYSTATE GROUP,
CJ,Airline,BA CITYFLYER,
CK,Airline,CHINA CARGO AIRLINES,
CL,Airline,LUFTHANSA CITYLINE,
CLICKSUPPLY,Travel Agency,Clicksupply,
CLUB_TRAVEL,Travel Agency,Club Travel,
CLYDETRAVEL,Travel Agency,Clyde Travel,
CM,Airline,COPA AIRLINES,
CN,Airline,GRAND CHINA AIR,CNY
CNS,Travel Agency,Consult AR,
CO,Airline,CONTINENTAL AIRLINES,
COLAEREO,Travel Agency,COLAEREO S.A.S,
COLOMBUSVOYAGES,Travel Agency,Colombus Voyages,
COSMOS_TOURS,Travel Agency,COSMOS TOURS,
COSTA_CROCIERE,Travel Agency,COSTA CROCIERE S.P.A.,
CP,Airline,COMPASS AIRLINES,
CQ,Undefined,UNDEFINED,
CR,Airline,OAG WORLDWIDE,
CREWSUPPORT,Travel Agency,"Crew Support Solutions, LLC",
CRV,Travel Agency,Carnival,
CRYSTAL,Travel Agency,CRYSTAL TRAVEL,
CS,Airline,CONTINENTAL MICRONESIA,
CSD,Travel Agency,Ricale-Consolid,
CT,Airline,ALITALIA CITY LINER SPA,
CTM,Travel Agency,Costamar,
CTM_B2B,Travel Agency,CTM,
CTN,Travel Agency,Content Inn,
CTRIP,Travel Agency,CTRIP HEADQUARTER,
CTS,Travel Agency,China Travel Service,CNY
CU,Airline,CUBANA DE AVIACION,
CV,Airline,CARGOLUX AIRLINES INTERNATIONAL,
CVC_SUBMARINO,Travel Agency,CVC GROUP - Submarino,
CW,Airline,AIR MARSHALL ISLANDS,
CWT,Travel Agency,CWT,
CX,Airline,CATHAY PACIFIC,CNY
CY,Airline,CYPRUS AIRWAYS,CNY
CZ,Airline,CHINA SOUTHERN AIRLINES,
D-,Airline,Lufttransport,
-D,Airline,NonIATA pre setup,
D0,Undefined,UNDEFINED,
D1,Undefined,UNDEFINED,
D2,Airline,SEVERSTAL AIRCOMPANY,
D3,Airline,DAALLO AIRLINES,
D4,Airline,ALIDAUNIA S.R.L.,
D5,Undefined,UNDEFINED,
D6,Airline,INTER AIR,
D7,Airline,AIRASIAX SDN BHD,
D8,Airline,NORWEGIAN AIR INTERNATIONAL LTD,
D9,Airline,JSC DONAVIA,
DA,Airline,AIR GEORGIA,
DADABHAI,Travel Agency,DADABHAI,EAD
DB,Airline,HOP BRIT AIR,
DBA,Rail,Deutsche Bahn,
DC,Airline,BRAATHENS REGIONAL,
DD,Airline,NOK AIR,
DE,Airline,CONDOR,
DES,Travel Agency,Despegar,
DESPEGAR,Travel Agency,DESPEGAR LATIN AMERICA,
DESTINIA,Travel Agency,DESTINIA,
DESTRAVELERS,Travel Agency,D.E.S.Travelers GmbH,
DF,Airline,CONDOR BERLIN,
DFS,Travel Agency,Delfos,
DG,Airline,TIGERAIR PHILIPPINES,
DH,Airline,DOUNIAH AIRLINES,XOF
DI,Airline,CAMBODIA AIRLINES,
DIB_HOTELS,Travel Agency,DIB Hotels,
DIRECTLINE_FLIGHTS,Travel Agency,DIRECTLINE HOLIDAYS (DirectLine Flights),
DISCOVER_TRAVEL,Travel Agency,Discover Travel,
DISNEY,Travel Agency,DISNEY,
DIT_CANARIAS,Travel Agency,Donosti Receptivo Canarias,
DJ,Airline,VIRGIN AUSTRALIA AIRLINE,AUD
DK,Airline,THOMAS COOK AIRLINES A/S,
DL,Airline,DELTA AIR LINES,
DM,Airline,ASIAN AIR,
DN,Airline,SENEGAL AIRLINES,XOF
DO,Airline,DISCOVERY AIRWAYS,
DOMINICANA_TOURS,Travel Agency,Dominicana Tours,
DONOSTIREC,Travel Agency,Donosti Receptivo,
DOWNTOWN,Travel Agency,DTT DOWNTOWNTRAVEL,
DP,Airline,LOW COST CARRIER,
DQ,Airline,DELTA CONNECTION,
DR,Airline,RUILI AIRLINES,
DRT_TRAVEL,Travel Agency,D-RT travel,
DS,Airline,EASYJET SWITZERLAND,
DT,Airline,TAAG,
DU,Airline,NORWEGIAN LONG HAUL AS,
DV,Airline,JSC AIRCOMPANY SCAT,
DW,Airline,AERO-CHARTER,
DX,Airline,DANISH AIR TRANSPORT,
DY,Airline,NORWEGIAN AIR SHUTTLE,
DZ,Airline,DONGHAI AIRLINES,
E-,Airline,General carrier,
-E,Airline,NonIATA pre setup,
E0,Undefined,UNDEFINED,
E1,Undefined,UNDEFINED,
E2,Airline,EAGLE ATLANTIC AIRLINES,
E3,Airline,SABAIDEE AIRWAYS,
E4,Airline,ESTELAR LATINOAMERICA,
E5,Airline,AIR ARABIA EGYPT,
E6,Airline,BRINGER AIR CARGO,
E7,Airline,EQUAFLIGHT SERVICE,
E8,Airline,CITY AIRWAYS,
E9,Airline,EVELOP AIRLINES,
EA,Airline,EAST HORIZON AIRLINES,
EB,Airline,PULLMANTUR AIR,
EC,Airline,OPENSKIES,
ED,Airline,AIR EXPLORE,
EE,Undefined,UNDEFINED,
EF,Undefined,UNDEFINED,
EG,Airline,EAST AIR,
EH,Airline,ANA WINGS,
EI,Airline,AER LINGUS,
EJ,Airline,NEW ENGLAND AIRLINES,
EK,Airline,EMIRATES,EAD
EL,Airline,ELLINAIR,
EM,Airline,EMPIRE AIRLINES,
EN,Airline,AIR DOLOMITI,
EO,Airline,AIR GO EGYPT,EGP
EP,Airline,IRAN ASEMAN AIRLINES,IRR
EPL,Travel Agency,Viajes Eupacla,
EQ,Airline,TAME LINEA AEREA DEL ECUADOR,
ER,Airline,AIR EAST,
ES,Undefined,UNDEFINED,
ESTAIR,Travel Agency,ESTAIR,
ESTRAVEL,Travel Agency,ESTRAVEL ESTONIA,
ESTRAVEL_LT,Travel Agency,Estravel Lithuania Vilnius,
ET,Airline,ETHIOPIAN AIRLINES,ETB
ETN,Travel Agency,ETN Slovakia,
ETRAVEL,Travel Agency,ETRAVEL DUB,
ETRAVEL_POLAND,Travel Agency,eTravel Poland,
ETRAVELI,Travel Agency,Etraveli,
ETRAVELME,Travel Agency,Etravelme - Easy Travel,
ETS_INTERNATIONAL,Travel Agency,ETS_INTERNATIONAL,
EU,Airline,CHENGDU AIRLINES,
EUROMUNDO,Travel Agency,EUROMUNDO SA DE CV,
EUROPA_TRAVEL,Travel Agency,Europa Travel S.A,
EUROPLUS,Travel Agency,EUROPLUS VIAGENS E TURISMO LTDA,
EUROSTUD,Travel Agency,EUROSTUD SRL,
EV,Airline,EXPRESSJET AIRLINES,
EW,Airline,EUROWINGS,
EX,Undefined,UNDEFINED,
EXCELTOURS,Travel Agency,Excel Tours SA de CV,
EXIMTUR,Travel Agency,EXIMTUR,
EXITO VIAJES Y TURISMO SAS NH,EXITOVIAJES,,
EXOTICCA,Travel Agency,Exoticca,
EXPEDIA,Travel Agency,Expedia Group,
EY,Airline,ETIHAD AIRWAYS,
EZ,Airline,SUN AIR OF SCANDINAVIA,
F-,Airline,NonIATA pre setup,
-F,Airline,NonIATA pre setup,
F0,Undefined,UNDEFINED,
F1,Airline,FARELOGIX,
F2,Airline,SAFARILINK AVIATION,
F3,Airline,SKYKING,
F4,Airline,AIR FLAMENCO,
F5,Undefined,UNDEFINED,
F6,Airline,PLUS ULTRA,
F7,Airline,DARWIN AIRLINE,
F8,Airline,FLAIR AIRLINES,
F9,Airline,FRONTIER AIRLINES,
FA,Airline,SAFAIR,
FB,Airline,BULGARIA AIR,
FC,Airline,FINNCOMM AIRLINES,
FCG,Travel Agency,Flight Centre,
FD,Airline,THAI AIRASIA,THB
FE,Airline,FAR EASTERN,
FEIJIPIAO,Travel Agency,Feijipiao (Tourism Integration Ltd),
FF,Undefined,UNDEFINED,
FG,Airline,ARIANA AFGHAN AIRLINES,
FH,Airline,FREEBIRD AIRLINES,
FI,Airline,ICELANDAIR,
FISCHER,Travel Agency,Fischer,
FJ,Airline,FIJI AIRWAYS,
FK,Airline,AFRICA WEST CARGO (GHD),
FL,Airline,AIRTRAN AIRWAYS,
FLIGHTGIFT,Travel Agency,Flightgift,
FLIGHTROUTES24,Travel Agency,Flightroutes24.com,
FLORIDA_BEST,Travel Agency,Florida best Marketing,
FLYCOMPANY,Travel Agency,Fly Company AB,
FLYIN,Travel Agency,FLYIN.COM,
FLYTODAY,Travel Agency,FLYTODAY,
FLYUTD,Travel Agency,Fly United,
FM,Airline,SHANGHAI AIRLINES,CNY
FN,Airline,FASTJET AIRLINES,
FO,Airline,FELIX AIRWAYS,
FP,Airline,SERVICIOS AEROES DE LOS ANDES,
FQ,Airline,BRINDABELLA AIRLINES,
FR,Airline,RYANAIR,GBP
FRANCE_BUSINESS,Travel Agency,France Business Travel,
FREEWAY,Travel Agency,FREE WAY S.R.L.,
FRY,Travel Agency,Freeway,
FS,Airline,SYPHAX AIRLINES SA,
FT,Airline,FARNAIR SWITZERLAND,
FU,Airline,FUZHOU AIRLINES,
FV,Airline,ROSSIYA AIRLINES,
FW,Airline,IBEX AIRLINES,
FWY,Travel Agency,Freeway,
FX,Airline,FEDEX,
FY,Airline,FLYFIREFLY,
FYA,Travel Agency,FYA - Edgardo Figueroa,
FZ,Airline,FLYDUBAI,EAD
G-,Airline,NonIATA pre setup,
-G,Airline,NonIATA pre setup,
G0,Undefined,UNDEFINED,
G1,Undefined,UNDEFINED,
G2,Airline,GUINEA AIRLINES,
G3,Airline,VRG LINHAS AEREAS S A,
G4,Airline,ALLEGIANT AIR,
G5,Airline,CHINA EXPRESS AIRLINES,
G6,Airline,GHADAMES AIR TRANSPORT,
G7,Airline,GOJET AIRLINES,
G8,Airline,GO AIRLINES,
G9,Airline,AIR ARABIA,
GA,Airline,GARUDA INDONESIA,
GAB,Travel Agency,Garbarino,
GB,Undefined,UNDEFINED,
GBT,Travel Agency,Amex Global Business Travel,
GC,Airline,GAMBIA INTL AIRLINES,
GD,Undefined,UNDEFINED,
GE,Airline,TRANSASIA AIRWAYS,
GF,Airline,GULF AIR,
GFM,Travel Agency,ATPi,
GG,Undefined,UNDEFINED,
GH,Airline,GLOBUS LLC,
GI,Airline,ITEK AIR,
GJ,Airline,ZHEJIANG LOONG AIRLINES,
GK,Airline,JETSTAR JAPAN,JPY
GL,Airline,AIR GREENLAND,
GM,Airline,AIR SLOVAKIA,
GN,Undefined,UNDEFINED,
GO,Undefined,UNDEFINED,
GP,Undefined,UNDEFINED,
GQ,Airline,SKY EXPRESS,
GR,Airline,AURIGNY AIR SERVICES,
GS,Airline,TIANJIN AIRLINES,
GT,Airline,VISTA GEORGIA,
GU,Airline,AVIATECA,
GV,Undefined,UNDEFINED,
GW,Airline,SKYGREECE AIRLINES,
GX,Airline,PRIMERA AIR,
GY,Airline,SKY BISHEK,
GZ,Airline,AIR RAROTONGA,
H-,Airline,AIR MEMPHIS,
-H,Airline,NonIATA pre setup,
H0,Undefined,UNDEFINED,
H1,Airline,HAHN AIR SYSTEMS,
H2,Airline,SKY AIRLINE,
H2X,Test,Hotel test,
H3,Airline,HERMES AIRLINES,
H4,Airline,AERO4M,
H5,Airline,HAITI AVIATION,
H6,Airline,BULGARIAN AIR CHARTER,
H7,Airline,EAGLE AIR,
H8,Airline,HESA AIRLINES,
H9,Undefined,UNDEFINED,
HA,Airline,HAWAIIAN AIRLINES,
HB,Airline,ASIA ATLANTIC AIRLINES,
HBL,Hotel,ARIANE,
HC,Airline,HOLIDAYS CZECH AIRLINES,
HD,Airline,AIRDO,
HE,Airline,LGW LUFTFAHRTGES WALTER,
HF,Airline,AIR COTE D IVOIRE,
HG,Airline,NIKI,
HH,Airline,TABAN AIRLINES,
HI,Airline,PAPILLON AIRWAYS,
HJ,Airline,HELLAS JET,
HK,Airline,HAMBURG AIRWAYS,
HL,Undefined,UNDEFINED,
HM,Airline,AIR SEYCHELLES,
HN,Airline,AFGHAN JET INTERNATIONAL,
HNS,Hotel,NH HOTELS,
HO,Airline,JUNEYAO AIRLINES,
HOG,Travel Agency,HRG,
HP,Airline,AMAPOLA FLYG AB,
HQ,Airline,THOMAS COOK AIRLINES BELGIUM,
HR,Airline,HAHN AIR,
HS,Airline,SVENSKA DIREKTFLYG AB,
HT,Airline,HELLENIC IMPERIAL AIRWAYS,
HTL-2X,Test,Amadeus Hotels,
HU,Airline,HAINAN AIRLINES,
HV,Airline,TRANSAVIA AIRLINES,
HW,Airline,NORTH WRIGHT AIR,
HX,Airline,HONG KONG AIRLINES,
HY,Airline,UZBEKISTAN AIRWAYS,
HZ,Airline,AURORA AIRLINES,
I-,Airline,NonIATA pre setup,
-I,Airline,NonIATA pre setup,
I0,Undefined,UNDEFINED,
I1,Airline,CTS VIAGGI,
I2,Airline,IBERIA EXPRESS,
I3,Airline,ATA AIRLINES,
I4,Airline,SCOTT AIR,
I5,Airline,AIRASIA INDIA,
I6,Airline,AIR INDUS,
I7,Airline,PT. INDONESIA AIR TRANSPORT,
I8,Airline,IZHAVIA,
I9,Airline,AIR ITALY,
IA,Airline,IRAQI AIRWAYS,IQD
IB,Airline,IBERIA,
IC,Airline,NACIL INDIAN AIRLINE,INR
ID,Airline,BATIK AIR INDONESIA,
IE,Airline,SOLOMON AIRLINES,
IF,Airline,ISLAS AIRWAYS,
IG,Airline,MERIDIANA FLY,
IH,Airline,JSC IRTYSH-AIR,
II,Airline,IBC AIRWAYS INC,
IJ,Airline,SPRING AIRLINES JAPAN,
IK,Airline,LLC IKAR,
IL,Airline,PT.TRIGANA AIR SERVICE,
IM,Undefined,UNDEFINED,
IN,Airline,NAM AIR,
IO,Airline,CLOSED JSC IRAERO,
IP,Airline,APSARA INTERNATIONAL AIR,
IQ,Airline,AUGSBURG AIRWAYS,
IR,Airline,IRAN AIR,IRR
IS,Airline,AIS AIRLINES B.V.,
IT,Airline,TIGERAIR TAIWAN,
IU,Airline,HEVI LIFT (PNG) PTY LTD,
IV,Airline,CASPIAN AIRLINES,
IW,Airline,PT WINGS ABADI AIRLINES,
IX,Airline,AIR INDIA CHARTERS,
IY,Airline,YEMEN AIRWAYS,
IZ,Airline,ARKIA,
J-,Airline,NonIATA pre setup,
-J,Airline,NonIATA pre setup,
J0,Undefined,UNDEFINED,
J1,Airline,PRIMAIR,
J2,Airline,AZERBAIJAN AIRLINES,
J3,Airline,NORTHWESTERN AIR LEASE,
J4,Airline,BADR AIRLINES,
J5,Airline,ALASKA SEAPLANE SERVICE,
J6,Airline,AIRWAYS INTERNATIONAL,
J7,Airline,DENIM AIR,
J8,Airline,BERJAYA AIR,
J9,Airline,JAZEERA AIRWAYS,
JA,Airline,B&H AIRLINES,
JB,Airline,HELIJET INTERNATIONAL,
JC,Airline,JAPAN AIR COMMUTER,
JD,Airline,BEIJING CAPITAL AIRLINES,
JE,Airline,MANGO,
JF,Airline,JET ASIA AIRWAYS,
JG,Airline,JETGO AUSTRALIA,
JH,Airline,FUJI DREAM AIRLINES,
JI,Airline,MERAJ AIR,
JJ,Airline,TAM LINHAS AEREAS,
JK,Airline,SPANAIR,
JL,Airline,JAPAN AIRLINES,
JM,Airline,AIR JAMAICA,
JN,Airline,NEW LIVINGSTON,
JO,Airline,JET TIME,
JP,Airline,ADRIA AIRWAYS,
JQ,Airline,JETSTAR,
JR,Airline,JOY AIR,
JS,Airline,AIR KORYO,
JT,Airline,LION AIRLINES,
JU,Airline,AIR SERBIA,
JV,Airline,BEARSKIN AIRLINES,
JW,Airline,VANILLA AIR,
JX,Airline,NICE HELICOPTERES,
JY,Airline,INTERCARIBBEAN AIRWAYS,
JZ,Airline,JATAYU GELANG SEJAHTERA,
K-,Airline,Go2Sky,
-K,Airline,Ten Airways,
K0,Undefined,UNDEFINED,
K1,Undefined,UNDEFINED,
K2,Airline,EUROLOT,
K3,Airline,TAQUAN AIR SERVICES,
K4,Airline,ALS LTD.,
K5,Airline,SEAPORT AIRLINES,
K6,Airline,CAMBODIA ANGKOR AIR,
K7,Airline,AIR KBZ,
K8,Airline,KAN AIR,
K9,Airline,TONLESAP AIRLINES,
KA,Airline,DRAGONAIR,
KB,Airline,DRUK AIR,
KC,Airline,AIR ASTANA,
KD,Airline,PT KAL STAR AVIATION,
KE,Airline,KOREAN AIR,
KF,Airline,BLUE1,
KG,Airline,AEROGAVIOTA,
KI,Undefined,UNDEFINED,
KJ,Airline,AIR INCHEON,
KK,Airline,ATLASJET AIRLINES,
KL,Airline,KLM ROYAL DUTCH AIRLINES,
KM,Airline,AIR MALTA,
KN,Airline,CHINA UNITED AIRLINES,
KO,Airline,AIRCOMPANY KHORS,
KP,Airline,ASKY,
KQ,Airline,KENYA AIRWAYS,
KR,Airline,AIR BISHKEK AIRCOMPANY,
KS,Airline,PENAIR,
KT,Undefined,UNDEFINED,
KU,Airline,KUWAIT AIRWAYS,
KV,Airline,ASIAN EXPRESS AIRLINE,
KW,Airline,KHARKIV AIRLINES,
KX,Airline,CAYMAN AIRWAYS,
KY,Airline,KUNMING AIRLINES,
KZ,Undefined,UNDEFINED,
L-,Airline,Small Planet Airlines,
-L,Airline,Hemus Air,
L0,Undefined,UNDEFINED,
L1,Airline,E-SAVTRAVEL,
L2,Undefined,UNDEFINED,
L3,Airline,LYNX AVIATION,
L4,Airline,LINEA TURISTICA AEREOTUY,
L5,Airline,LINEA AEREA CUENCANA,
L6,Airline,MAURITANIAN AIRLINES INT,
L7,Undefined,UNDEFINED,
L8,Airline,AFRIC AVIATION,
L9,Airline,BELLE AIR EUROPE,
LA,Airline,LAN AIRLINES,
LAM,Travel Agency,Les Amis,
LB,Airline,LEPL,
LC,Airline,EQUATORIAL CONGO AIRLINE,
LD,Undefined,UNDEFINED,
LE,Undefined,UNDEFINED,
LECLERC_EVASION,Travel Agency,EVASION SARL VOYAGES E.LECLERC,
LF,Airline,LAO CENTRAL AIRLINES,
LG,Airline,LUXAIR,
LH,Airline,LUFTHANSA,
LI,Airline,LIAT,
LJ,Airline,JIN AIR,
LK,Airline,KYRGYZ AIRLINES,
LL,Airline,MIAMI AIR INTERNATIONAL,
LM,Airline,LOGANAIR,
LMT,Travel Agency,Lomas Travel,
LN,Airline,LIBYAN AIRLINES,
LO,Airline,LOT POLISH AIRLINES,
LP,Airline,LANPERU,
LQ,Undefined,UNDEFINED,
LR,Airline,LACSA,
LS,Airline,JET2.COM,
LT,Airline,AIR LITUANICA,
LU,Airline,LAN EXPRESS,
LV,Airline,MEGA MALDIVES,
LW,Airline,PACIFIC WINGS,
LX,Airline,SWISS INTERNATIONAL AIRLINES,
LY,Airline,EL AL ISRAEL AIRLINES,
LZ,Airline,BELLE AIR COMPANY,
M-,Airline,NonIATA pre setup,
-M,Airline,SmartLynx airlines Estonia,
M0,Airline,AERO MONGOLIA,
M1,Undefined,UNDEFINED,
M2,Airline,MHS AVIATION,
M3,Airline,NORTH FLYING AS,
M4,Airline,SMART AVIATION,
M5,Airline,KENMORE AIR,
M6,Undefined,UNDEFINED,
M7,Undefined,UNDEFINED,
M8,Airline,SKYJET,
M9,Airline,MOTOR-SICH JSC,
MA,Airline,MALEV HUNGARIAN AIRLINES,
MB,Airline,MNG AIRLINES CARGO,
MC,Airline,AIR MOBILITY COMMAND,
MD,Airline,AIR MADAGASCAR,
ME,Airline,MIDDLE EAST AIRLINES,
MEY,Travel Agency,Mercory,
MF,Airline,XIAMEN AIRLINES,
MG,Undefined,UNDEFINED,
MH,Airline,MALAYSIA AIRLINES,
MI,Airline,SILKAIR,
MJ,Airline,MIHIN LANKA,
MK,Airline,AIR MAURITIUS,
ML,Airline,AIR MEDITERRANEE,
MM,Airline,PEACH AVIATION,
MN,Airline,COMAIR LTD,
MO,Airline,CALM AIR INTERNATIONAL,
MP,Airline,MARTINAIR,
MQ,Airline,ENVOY AIR,
MR,Airline,HUNNU AIR,
MS,Airline,EGYPTAIR,
MT,Airline,THOMAS COOK AIRLINES,
MU,Airline,CHINA EASTERN AIRLINES,
MUN,Travel Agency,Munckhof,
MV,Airline,AVIASTAR MANDIRI,
MVN,Travel Agency,Viajes Marvam,
MW,Airline,MOKULELE FLIGHT SERVICE,
MX,Airline,MEXICANA,MXN
MY,Airline,MAYA ISLAND AIR,
MZ,Airline,SAEREO,
N-,Airline,Enter Air,
-N,Airline,Bingo Airways,
N0,Undefined,UNDEFINED,
N1,Undefined,UNDEFINED,
N2,Undefined,UNDEFINED,
N3,Airline,AEROLINEAS MAS,
N4,Airline,NORD WIND,
N5,Airline,NORFOLK AIR,
N6,Airline,ALPINE AIR,
N7,Airline,NHT LINHAS AEREAS,
N8,Airline,NATIONAL AIRLINES,
N9,Airline,NOVA AIRLINES,
NA,Airline,NORTH AMERICAN AIRLINES,
NAQ,Travel Agency,Amadeus Central Western Africa,
NB,Airline,SKYPOWER EXPRESS,
NC,Airline,NATIONAL JET SYSTEMS,
ND,Airline,SKY WINGS AIRLINES,
NE,Airline,NESMA AIRLINES,
NF,Airline,AIR VANUATU,
NG,Airline,AERO CONTRACTORS COMPANY NIGERIA,
NH,Airline,ALL NIPPON AIRWAYS,
NI,Airline,PORTUGALIA,
NJ,Airline,AERO VIP,
NK,Airline,SPIRIT AIRLINES,
NL,Airline,SHAHEEN AIR INTL,
NM,Undefined,UNDEFINED,
NN,Airline,VIM AIRLINES,
NO,Airline,NEOS SPA,
NP,Airline,NILE AIR,EGP
NQ,Airline,AIR JAPAN COMPANY LTD,JPY
NR,Airline,MAX AIR,
NS,Airline,HEBEI AIRLINES,
NT,Airline,BINTER CANARIAS,
NU,Airline,JAPAN TRANSOCEAN AIR,JPY
NV,Airline,IRANIAN NAFT AIRLINE,IRR
NVS,Rail,NVS/D-BAHN,
NW,Undefined,UNDEFINED,
NX,Airline,AIR MACAU,
NY,Airline,AIR ICELAND,
NZ,Airline,AIR NEW ZEALAND,
O-,Airline,Aurela,
-O,Undefined,NonIATA pre setup,
O0,Undefined,UNDEFINED,
O1,Undefined,UNDEFINED,
O2,Undefined,UNDEFINED,
O3,Undefined,UNDEFINED,
O4,Airline,ANTRAK AIR,
O5,Airline,COMORES AVIATION INTERNATIONAL,
O6,Airline,AVIANCA BRASIL,
O7,Airline,SUE ORENBURG REGION,
O8,Airline,SIAM AIR TRANSPORT,
O9,Airline,NOVA AIRLINES,
OA,Airline,OLYMPIC AIR,
OB,Airline,BOLIVIANA DE AVIACION,
OC,Airline,ORIENTAL AIR BRIDGE,
OD,Airline,MALINDO AIRWAYS,
OE,Airline,CAIRO AVIATION,
OF,Undefined,UNDEFINED,
OG,Undefined,UNDEFINED,
OH,Undefined,UNDEFINED,
OI,Airline,HINTERLAND AVIATION,
OJ,Airline,FLY JAMAICA AIRWAYS,
OK,Airline,CSA CZECH AIRLINES,
OL,Undefined,UNDEFINED,
OLL,Travel Agency,OLA,
OM,Airline,MIAT MONGOLIAN AIRLINES,
ON,Airline,OUR AIRLINE,
OO,Airline,SKYWEST AIRLINES,
OP,Undefined,UNDEFINED,
OPJ,Travel Agency,OpenJet,
OQ,Airline,CHONGQING AIRLINES,
OR,Airline,ARKEFLY,
OS,Airline,AUSTRIAN AIRLINES,
OT,Airline,AEROPELICAN AIR SERVICES,
OU,Airline,CROATIA AIRLINES,
OV,Airline,ESTONIAN AIR,
OW,Undefined,UNDEFINED,
OX,Airline,ORIENT THAI AIRLINES,THB
OY,Airline,ANDES LINEAS AEREAS,
OZ,Airline,ASIANA AIRLINES,
P-,Airline,SAMair,
-P,Airline,Uktus,
P0,Airline,PROFLIGHT COMMUTER,
P1,Airline,PUBLICCHARTERS.COM,
P2,Airline,AIRKENYA EXPRESS,
P3,Airline,PASSAREDO,
P4,Airline,AEROLINEAS SOSA,
P5,Airline,AERO REPUBLICA,
P6,Airline,PASCAN AVIATION INC,
P7,Airline,SMALL PLANET AIRLINE (GHD),
P8,Airline,AIR MEKONG,
P9,Airline,PERUVIAN AIR LINE,
PA,Airline,AIRBLUE,
PB,Airline,PROVINCIAL AIRLINES,
PC,Airline,PEGASUS AIRLINES,TRL
PD,Airline,PORTER AIRLINES,
PDI,Travel Agency,Palacio de Hierro,
PE,Airline,PEOPLES VIENNALINE,
PF,Airline,PRIMERA AIR SCANDINAVIA,
PG,Airline,BANGKOK AIRWAYS,
PH,Airline,TRANSAVIA DENMARK,
PI,Airline,POLAR AIRLINES,
PJ,Airline,AIR SAINT PIERRE,
PK,Airline,PAKISTAN INTERNATIONAL,
PL,Airline,SOUTHERN AIR CHARTER,
PM,Airline,CANARY FLY,
PN,Airline,CHINA WEST AIR,CNY
PO,Undefined,UNDEFINED,
PO1,Travel Agency,Springer Reisen,
PO2,Travel Agency,JT Touristik GmbH,
PO3,Travel Agency,Christophorus Reisen,
PO4,Travel Agency,DK Touristik,
PO5,Travel Agency,DTA Touristik,
PO6,Travel Agency,Flamingo Tours,
PO7,Travel Agency,Windrose Finest Travel GmbH,
PP,Airline,JET AVIATION BUSINESS,
PQ,Airline,AIRASIA PHILIPPINES,
PR,Airline,PHILIPPINE AIRLINES,
PS,Airline,UKRAINE INTL AIRLINES,
PT,Undefined,UNDEFINED,
PTA,Travel Agency,Price Travel,
PU,Airline,PLUNA,
PU8,Travel Agency,Coovaeco,
PV,Airline,SAINT BARTH COMMUTER,
PV0,Travel Agency,Swedish Rail,
PV1,Travel Agency,Adrialin Reisen GmbH,
PV2,Travel Agency,Corendon Airlines,
PV3,Travel Agency,AIDA Kreuzfahrten,
PV4,Travel Agency,Phoenix Reisen,
PV5,Travel Agency,Berge & Meer Reisen GmbH,
PV6,Travel Agency,Olimar Reisen,
PV7,Travel Agency,1A Vista Reisen,
PV8,Travel Agency,Schauinsland Reisen GmbH,
PV9,Travel Agency,Alltours Flugreisen GmbH,
PW,Airline,PRECISION AIR,
PW0,Travel Agency,Ferien Touristik GmbH,
PW1,Travel Agency,Involatus Carrier Consulting GmbH,
PW2,Travel Agency,For you Travel GmbH,
PW3,Travel Agency,Coral Travel,
PW4,Travel Agency,Anex Tour GmbH,
PW5,Travel Agency,ITT Ferien Pur,
PW6,Travel Agency,DER Touristik Deutschland GmbH,
PW7,Travel Agency,Bavaria Fernreisen GmbH,
PW8,Travel Agency,FIT Reisen GmbH,
PW9,Travel Agency,Goethe Travel,
PX,Airline,AIR NIUGINI,
PX0,Travel Agency,Fit & Vital Reisen,
PX1,Travel Agency,Ameropa Reisen GmbH,
PX2,Travel Agency,Club Mediterranee Deutschland GmbH,
PX3,Travel Agency,Sun Express Deutschland GmbH,
PX4,Travel Agency,Thomas Cook GmbH,
PX5,Travel Agency,Gruber Reisen ,
PX6,Travel Agency,ECCO Reisen GmbH,
PX7,Travel Agency,International Flight Distribution,
PX9,Travel Agency,Spot Reisen GmbH,
PY,Airline,SURINAM AIRWAYS,
PY0,Travel Agency,Tropo GmbH,
PY1,Travel Agency,Maris Reisen,
PY2,Travel Agency,Rhomberg Reisen GmbH,
PY3,Travel Agency,LMX-Touristik GmbH,
PY4,Travel Agency,Luxair Tours,
PY5,Travel Agency,Medina Reisen,
PY6,Travel Agency,I.D. Riva Tours,
PY7,Travel Agency,Attika Reisen GmbH & Co. KG,
PY8,Travel Agency,FTI Touristik GmbH,
PY9,Travel Agency,Vtours GmbH,
PZ,Airline,TAM MERCOSUR,
PZ0,Travel Agency,Express Travel International GmbH,
PZ1,Travel Agency,Lidl Holidays,
PZ2,Travel Agency,L'TUR Gmbh,
PZ3,Travel Agency,HLX Touristik,
PZ4,Travel Agency,Austrian Air Charter,
PZ5,Travel Agency,Prima Reisen,
PZ6,Travel Agency,TUI Suisse AGE,
PZ7,Travel Agency,Bentour Tuerkei Reisen AG,
PZ8,Travel Agency,Ideal Tours,
PZ9,Travel Agency,Sprachcaffe Reisen,
Q-,Airline,Air Bucharest,
-Q,Airline,NonIATA pre setup,
Q0,Undefined,UNDEFINED,
Q1,Airline,SQIVA SISTEM,
Q2,Airline,ISLAND AVIATION SERVICES,
Q3,Airline,ANGUILLA AIR SERVICES,
Q4,Airline,AVIATION STARLINK,
Q5,Airline,FORTY MILE AIR,
Q6,Airline,SKYTRANS REGIONAL,
Q7,Airline,SKYBAHAMAS AIRLINES,
Q8,Airline,TRANS AIR CONGO,
Q9,Airline,AIRLIAISON,
QA,Airline,CIMBER,
QB,Airline,QESHM AIR,
QBT,Travel Agency,QBT,
QC,Airline,CAMAIR-CO,
QD,Airline,DOBROLET LCC,
QE,Undefined,UNDEFINED,
QF,Airline,QANTAS AIRWAYS,AUD
QG,Airline,CITILINK INDONESIA,
QH,Airline,OJSC AIR KYRGYZSTAN,
QI,Airline,CIMBER A/S,
QJ,Undefined,UNDEFINED,
QK,Airline,JAZZ AVIATION,
QL,Airline,LINEA AEREA DE SERVICIO,
QM,Airline,AIR MALAWI,
QN,Airline,AIR ARMENIA,
QO,Undefined,UNDEFINED,
QP,Airline,AIRKENYA AVIATION,
QQ,Airline,ALLIANCE AIRLINES,
QR,Airline,QATAR AIRWAYS,QAR
QS,Airline,SMARTWINGS,
QT,Airline,TAMPA CARGO,
QU,Airline,AIRLINE UTAIR UKRAINE,
QV,Airline,LAO AIRLINES,
QW,Airline,QINGDAO AIRLINES,
QX,Airline,HORIZON AIR,
QY,Airline,EUROPEAN AIR TRANSPORT,
QZ,Airline,PT INDONESIA AIRASIA,
R-,Airline,Eastern Skyjet,
-R,Airline,Al-Naser Airways,
R0,Airline,M/S ROYAL AIRLINES,
R1,Undefined,UNDEFINED,
R2,Airline,ORENAIR,
R3,Airline,JSC AIRCOMPANY YAKUTIA,
R4,Airline,RELIABLE UNIQUE SERVICES,
R5,Airline,JORDAN AVIATION,
R6,Airline,DOT LT,
R7,Airline,ASERCA,
R8,Airline,KYRGYZSTAN AIRLINES,
R9,Undefined,UNDEFINED,
RA,Airline,NEPAL AIRLINES,
RB,Airline,SYRIAN ARAB AIRLINES,
RC,Airline,ATLANTIC AIRWAYS,
RD,Airline,FRENCH MILITARY FORCE,
RE,Airline,STOBART AIR,
REXTUR,Travel Agency,CVC GROUP - Rextur,BRL
RF,Airline,ORD AIR CHARTER PTY LTD,
RG,Airline,ROTANA JET,
RH,Undefined,UNDEFINED,
RI,Airline,MANDALA AIRLINES,
RID,Travel Agency,Richmond,
RJ,Airline,ROYAL JORDANIAN,
RK,Undefined,UNDEFINED,
RL,Airline,ROYAL FALCON,
RM,Airline,RUTACA,
RN,Airline,SUM AIR SERVICES,
RO,Airline,TAROM,
RP,Airline,CHAUTAUQUA AIRLINES,
RQ,Airline,KAM AIR,
RR,Airline,ROYAL AIR FORCE,
RS,Airline,SKY REGIONAL AIRLINES,
RT,Airline,RAK AIRWAYS,
RU,Airline,AIR BRIDGE CARGO,
RV,Airline,AIR CANADA ROUGE,CAD
RW,Undefined,UNDEFINED,
RX,Airline,REGENT AIRWAYS,
RY,Airline,ROYAL WINGS,
RZ,Airline,SANSA,
S-,Airline,JET ONE JSC,
-S,Airline,Menajet,
S0,Airline,SLOK AIR INTERNATIONAL,
S1,Airline,LUFTHANSA SYSTEMS,
S2,Airline,JET LITE,
S3,Airline,SANTA BARBARA AIRLINES,
S4,Airline,SATA INTERNATIONAL,
S5,Airline,SMALL PLANET,
S6,Airline,SUNRISE AIRWAYS,
S7,Airline,SIBERIA AIRLINES,
S8,Airline,SKYWISE,
S9,Airline,STARBOW,
SA,Airline,SOUTH AFRICAN AIRWAYS,
SAR,Travel Agency,Santur,
SB,Airline,AIRCALIN,
SC,Airline,SHANDONG AIRLINES,
SD,Airline,SUDAN AIRWAYS,
SE,Airline,XL AIRWAYS FRANCE,
SEMBO,Travel Agency,EUROPEAN ONLINE FLIGHT AB,
SF,Airline,TASSILI AIRLINES,
SG,Airline,SPICEJET,
SH,Airline,SHARP AVIATION,
SI,Airline,BLUE ISLANDS,
SJ,Airline,PT SRIWIJAYA AIR,
SK,Airline,SCANDINAVIAN AIRLINES,
SL,Airline,THAI LION MENTARI,
SM,Airline,AIR CAIRO,
SN,Airline,BRUSSELS AIRLINES,
SO,Airline,SALSA D HAITI,
SP,Airline,SATA AIR ACORES,
SQ,Airline,SINGAPORE AIRLINES,
SR,Undefined,UNDEFINED,
SS,Airline,CORSAIR,
ST,Airline,GERMANIA,
SU,Airline,AEROFLOT,
SUNTRADE_TRAVEL,Travel Agency,DAULBER,
SV,Airline,SAUDI ARABIAN AIRLINES,
SW,Airline,AIR NAMIBIA,
SX,Airline,SKYWORK AIRLINES,
SY,Airline,SUN COUNTRY,
SZ,Airline,AIRCOMPANY SOMON AIR,
T-,Airline,Med Airways,
-T,Airline,Global Jet,
T0,Airline,TACA PERU,
T1,Airline,TIK SYSTEMS,
T2,Airline,NAKINA AIR SERVICE,
T3,Airline,EASTERN AIRWAYS,
T4,Airline,TRIP,
T5,Airline,TURKMENISTAN AIRLINES,
T6,Undefined,UNDEFINED,
T7,Airline,TWIN JET,
T8,Undefined,UNDEFINED,
T9,Airline,THAI STAR AIRLINES,
TA,Airline,TACA INTERNATIONAL AIRLINES,
TB,Airline,JETAIRFLY,
TBO,Travel Agency,Travel Boutique Online,
TC,Airline,AIR TANZANIA,
TD,Airline,ATLANTIS EUROPEAN AIRWAYS,
TE,Airline,SKY TAXI,
TEX,Travel Agency,Travel Expert,
TF,Airline,BRAATHENS REGIONAL AVIATION AB,
TG,Airline,THAI AIRWAYS INTERNATIONAL,
TH,Undefined,UNDEFINED,
TI,Airline,TAILWIND HAVA YOLLARI AS,
TIJ,Travel Agency,Tije Travel,
TJ,Airline,TRADEWIND AVIATION,
TK,Airline,TURKISH AIRLINES,
TL,Airline,AIRNORTH,
TLO,Travel Agency,Travel Loop,
TM,Airline,LAM MOZAMBIQUE,
TN,Airline,AIR TAHITI NUI,
TO,Airline,TRANSAVIA FRANCE,
TOB,Travel Agency,Tourbina,
TP,Airline,TAP PORTUGAL,
TQ,Airline,TANDEM AERO,
TR,Airline,TIGER AIRWAYS,
TRE,Rail,TRENITALIA,
TREND_VIAGENS,Travel Agency,CVC GROUP - TREND_VIAGENS,
TRJ,Travel Agency,Trayecto Uno,
TRM,Travel Agency,TravelTainment,
TS,Airline,AIR TRANSAT,
TST,Travel Agency,Travelstart,
TT,Airline,TIGER AIRWAYS AUSTRALIA,AUD
TU,Airline,TUNISAIR,TND
TUE,Travel Agency,TUI Spain,
TUN,Travel Agency,Tucano,BRL
TV,Airline,TIBET AIRLINES,
TVY,Travel Agency,Travrays,
TW,Airline,TWAY AIR,
TWE,Travel Agency,Tower,
TX,Airline,AIR CARAIBES,
TY,Airline,AIR CALEDONIE,
TYA,Travel Agency,TTS Viajes,
TZ,Airline,SCOOT,
U-,Airline,AEROVISTA GULF EXPRESS,
-U,Airline,Saga Airlines,
U0,Undefined,UNDEFINED,
U01,Travel Agency,Uniglobe Two Travel,CAD
U02,Travel Agency,Uniglobe Alliance Travel,CAD
U03,Travel Agency,Uniglobe Smart Travel,CAD
U04,Travel Agency,Uniglobe Westland,CAD
U05,Travel Agency,Uniglobe THL Travel,CAD
U06,Travel Agency,Uniglove Smart Travel,CAD
U07,Travel Agency,Uniglobe Smart Travel,CAD
U08,Travel Agency,Uniglobe Easy Travel,CAD
U09,Travel Agency,Uniglobe Attent Travel,CAD
U1,Airline,VIDECOM INTERNATIONAL,
U10,Travel Agency,Uniglobe Smart Business,CAD
U11,Travel Agency,Uniglobe THLP,CAD
U2,Airline,EASYJET,
U3,Airline,AVIES,
U4,Airline,BUDDHA AIR,
U5,Airline,KARINOU AIRLINES,
U6,Airline,URAL AIRLINES,
U7,Airline,AIR UGANDA,
U8,Undefined,UNDEFINED,
U9,Airline,TATARSTAN AIR,
UA,Airline,UNITED AIRLINES,
UB,Undefined,UNDEFINED,
UC,Airline,LAN CHILE CARGO,
UD,Airline,HEX AIR,
UE,Airline,ULTIMATE JETCHARTERS,
UF,Airline,UM AIR,
UG,Airline,TUNISAIR EXPRESS,TND
UH,Airline,ATLASJET UKRAINE,
UI,Airline,AURIC AIR SERVICES,
UJ,Airline,ALMASRIA UNIVERSAL AIRLINES,
UK,Airline,VISTARA,
UL,Airline,SRILANKAN AIRLINES,
UM,Airline,AIR ZIMBABWE,
UN,Airline,TRANSAERO AIRLINES,
UO,Airline,HONG KONG EXPRESS AIRWAYS,
UOB,Travel Agency,United Overseas Bank Travel,
UP,Airline,BAHAMASAIR,
UQ,Airline,URUMQI AIRLINES,
UR,Airline,UTAIR EXPRESS,
US,Airline,US AIRWAYS,
UT,Airline,UTAIR AVIATION JSC,
UU,Airline,AIR AUSTRAL,
UV,Airline,HELICOPTEROS DEL SURESTE,
UW,Undefined,UNDEFINED,
UX,Airline,AIR EUROPA,
UY,Airline,AIR CAUCASUS,
UZ,Airline,BURAQ AIR,
V-,Airline,AMV Airlines,
-V,Airline,NonIATA pre setup,
V0,Airline,CONVIASA,
V1,Airline,IBS SOFTWARE SERVICES AMERICAS,
V2,Airline,VISION AIRLINES,
V3,Airline,CARPATAIR,
V4,Undefined,UNDEFINED,
V5,Airline,VIP WINGS,
V6,Airline,VI AIR LINK,
V7,Airline,VOLOTEA,
V8,Airline,ILIAMNA AIR,
V9,Airline,VAN AIR EUROPE,
VA,Airline,VIRGIN AUSTRALIA INTL,AUD
VAG,Travel Agency,Viajes Agentur,
VAL,Travel Agency,Amadeus Value Hotel,
VAZ,Travel Agency,Viajes AZ,
VB,Airline,AEROENLACES NACIONALES,
VC,Airline,CHARTER AIR TRANSPORT,
VD,Airline,HENNAN AIRLINES,
VE,Airline,C.A.I. SECOND S.P.A.,
VEX,Travel Agency,Viajes Veracruz,
VF,Airline,VALUAIR,
VG,Airline,VLM,
VH,Airline,AEROPOSTAL,
VI,Airline,VOLGA DNEPR AIRLINE,
VIAJES_FALABELLA,Travel Agency,FALABELLA LATIN AMERICA,MXN
VISUAL_TURISMO,Travel Agency,CVC GROUP - Visual Turismo,
VJ,Airline,VIETJET AVIATION,
VK,Airline,AIR VALLEE,
VL,Airline,MED VIEW AIRLINES,
VM,Airline,MACAIR JET S.A.,
VN,Airline,VIETNAM AIRLINES,
VO,Airline,TYROLEAN AIRWAYS,
VP,Airline,VILLA AIR,
VQ,Airline,NOVOAIR,
VR,Airline,TACV CABO VERDE AIRLINES,
VS,Airline,VIRGIN ATLANTIC,
VT,Airline,AIR TAHITI,
VTL,Travel Agency,Vison Travel,
VTP,Travel Agency,Avantrip,
VU,Airline,VUELOS ECONOMICOS,
VV,Airline,AEROSVIT AIRLINES,
VW,Airline,AEROMAR,
VX,Airline,VIRGIN AMERICA,
VY,Airline,VUELING AIRLINES,
VZ,Undefined,UNDEFINED,
W-,Airline,NonIATA pre setup,
-W,Airline,NonIATA pre setup,
W0,Undefined,UNDEFINED,
W1,Airline,WORLD TICKET LTD,
W2,Airline,FLEXFLIGHT,
W3,Airline,ARIK AIR,
W4,Airline,LC BUSRE,
W5,Airline,MAHAN AIRLINES,
W6,Airline,WIZZ AIR HUNGARY,
W7,Undefined,UNDEFINED,
W8,Undefined,UNDEFINED,
W9,Airline,AIR BAGAN,
WA,Airline,KLM CITYHOPPER,
WB,Airline,RWANDAIR EXPRESS,
WC,Airline,ISLENA AIRLINES,
WD,Undefined,UNDEFINED,
WE,Airline,THAI SMILE AIRWAYS,
WF,Airline,WIDEROE,
WG,Airline,SUNWING AIRLINES INC.,
WH,Airline,WEST AFRICAN AIRLINES,
WI,Airline,WHITE AIRWAYS S.A.,
WJ,Airline,AIR LABRADOR,
WK,Airline,EDELWEISS AIR,
WL,Undefined,UNDEFINED,
WM,Airline,WINDWARD ISLAND AIRWAYS,
WN,Airline,SOUTHWEST AIRLINES TEXAS,
WO,Airline,WORLD AIRWAYS,
WP,Airline,ISLAND AIR,
WQ,Undefined,UNDEFINED,
WR,Undefined,UNDEFINED,
WS,Airline,WESTJET,
WT,Airline,WASAYA AIRWAYS,
WTB,Hotel,Whitbread,
WU,Airline,WIZZ AIR UKRAINE LLC,
WV,Airline,AERO VIP COMPANHIA TRANSPORTES,
WW,Airline,WOW AIR,
WX,Airline,CITYJET,
WY,Airline,OMAN AIR,
WZ,Airline,RED WINGS AIRLINES,
X-,Airline,Omni Air International,
-X,Airline,NonIATA pre setup,
X0,Undefined,UNDEFINED,
X1,Undefined,UNDEFINED,
X2,Airline,CHINA XINHUA AIRLINES,
X3,Airline,TUIFLY,
X4,Airline,AIR EXCURSIONS,
X5,Undefined,UNDEFINED,
X6,Airline,AIRLINES REPORTING CORP.,
X7,Airline,EXEC AIR,
X8,Airline,AIRMAX,
X9,Airline,AVION EXPRESS,
XA,Undefined,UNDEFINED,
XB,BSP,IATA,
XC,Airline,CORENDON AIRLINES,
XD,BSP,ARC,
XE,Undefined,UNDEFINED,
XF,Airline,VLADIVOSTOK AIR,
XG,Airline,SUNEXPRESS GERMANY,
XH,Airline,NON IATA CODESHARE CARRIER,
XI,Undefined,UNDEFINED,
XJ,Airline,THAI AIRASIA X COMPANY,
XK,Airline,AIR CORSICA,
XL,Airline,LANECUADOR AEROLANE SA,
XM,Airline,C.A.I. FIRST S.P.A.,
XN,Airline,FLY LOGIC MALMO,
XO,Airline,SEAIR,
XP,Airline,XTRA AIRWAYS,
XQ,Airline,SUN EXPRESS,
XR,Undefined,UNDEFINED,
XS,BSP,SITA,
XT,Airline,INDONESIA AIRASIA EXTRA,
XU,Airline,AFRICAN EXPRESS AIRWAYS,
XV,Airline,BVI AIRWAYS,
XW,Undefined,UNDEFINED,
XX,Undefined,UNDEFINED,
XY,Airline,NASAIR,
XZ,Airline,SOUTH AFRICAN EXPRESS,
Y-,Airline,Dynamic Airways,
-Y,Airline,LTD I Fly,
Y0,Airline,YELLOW AIRTAXI,
Y1,Airline,TRAVEL TECHNOLOGY INTERACTIVE,
Y2,Airline,YGNUS AIR,
Y3,Airline,WORLDWIDE CARGO SERVICES,
Y4,Airline,VOLARIS,
Y5,Airline,GOLDEN MYANMAR AIRLINES,
Y6,Undefined,UNDEFINED,
Y7,Airline,JSC AIRLINE TAIMYR,
Y8,Airline,YANGTZE RIVER EXPRESS,
Y9,Airline,KISH AIRLINES,
YA,Airline,NEGO AIRLINE ONE,
YB,Undefined,UNDEFINED,
YC,Airline,YAMAL AIRLINES,
YD,Airline,MAURITANIA AIRWAYS,
YE,Airline,YAN AIR,
YF,Undefined,UNDEFINED,
YG,Airline,SOUTH AIRLINES,
YH,Airline,YANGON AIRWAYS,
YI,Airline,AIR SUNSHINE,
YJ,Airline,ASIAN WINGS AIRWAYS,
YK,Airline,AVIA TRAFFIC COMPANY,
YL,Undefined,UNDEFINED,
YM,Airline,MONTENEGRO AIRLINES,
YN,Airline,AIR CREEBEC,
YO,Airline,HELI AIR MONACO,
YP,Airline,PERIMETER AVIATION,
YQ,Airline,POLET AIRLINES,
YR,Airline,SCENIC AIRLINES,
YS,Airline,HOP REGIONAL,
YT,Airline,YETI AIRLINES,
YU,Airline,EUROATLANTIC AIRWAYS,
YV,Airline,MESA AIRLINES,
YW,Airline,AIR NOSTRUM,
YX,Airline,REPUBLIC AIRLINE,
YY,Airline,,
YZ,Airline,ALAS URUGUAY,
Z-,Airline,NonIATA pre setup,
-Z,Airline,Wings of Lebanon,
Z0,Undefined,UNDEFINED,
Z1,Undefined,UNDEFINED,
Z2,Airline,AIRASIA ZEST,
Z3,Airline,PM AIR LLC,
Z4,Airline,ZAGROS AIR,
Z5,Airline,GMG AIRLINES,
Z6,Airline,DNIPROAVIA,
Z7,Airline,Amaszonas Uruguay,
Z8,Airline,AMASZONAS S.A.,
Z9,Airline,JSC BEK AIR,
ZA,Airline,SKYWINGS ASIA AIRLINES,
ZB,Airline,MONARCH AIRLINES,
ZC,Airline,KORONGO AIRLINES,
ZD,Airline,EWA AIR,
ZE,Airline,EASTAR JET,
ZEP,Travel Agency,Zeppelin,
ZF,Airline,KATEKAVIA LIMITED,
ZG,Airline,GROZNYY AVIA,
ZH,Airline,SHENZHEN AIRLINES,
ZI,Airline,AIGLE AZUR,
ZJ,Airline,ZAMBEZI AIRLINES,
ZK,Airline,GREAT LAKES AVIATION,
ZL,Airline,REGIONAL EXPRESS,
ZM,Airline,PEGASUS ASIA,
ZN,Airline,NAYSA,
ZO,Airline,CENTRAL AIR TRANSPORT SERVICES,
ZP,Airline,SILK WAY AIRLINES,
ZQ,Airline,AIR AZUL,
ZR,Airline,PUNTO AZUL,
ZS,Airline,JSC KAZAVIASPAS,
ZT,Airline,TITAN AIRWAYS,
ZU,Undefined,UNDEFINED,
ZV,Airline,ZAGROS AIRLINES,
ZW,Airline,AIR WISCONSIN,
ZX,Airline,AIR ALLIANCE,
ZY,Airline,SKY AIRLINES,
ZZ,Other,AIRLINE SERVICE,
TEST_CURRENCY_CODE_WRONG_FORMAT,QA,TEST_CURRENCY_CODE_WRONG_FORMAT,XXX
TEST_CURRENCY_CODE_LOWER_CASE,QA,TEST_CURRENCY_CODE_LOWER_CASE,cad
TEST_CURRENCY_CODE_SPACE,QA,TEST_CURRENCY_CODE_SPACE, 
TEST_CUSTOMER_CODE_DUPLICATED,QA,TEST_CUSTOMER_CODE_DUPLICATED,CAD
TEST_CUSTOMER_CODE_DUPLICATED,QA,TEST_CUSTOMER_CODE_DUPLICATED,USD